Email,FirstName,LastName,Name
aaronmitchell@yahoo.ca,Aaron,Mitchell,Rock
alero@uol.com.br,Alexandre,Rocha,Rock
astrid.gruber@apple.at,Astrid,Gruber,Rock
bjorn.hansen@yahoo.no,Bjørn,Hansen,Rock
camille.bernard@yahoo.fr,Camille,Bernard,Rock
daan_peeters@apple.be,Daan,Peeters,Rock
diego.gutierrez@yahoo.ar,Diego,Gutiérrez,Rock
dmiller@comcast.com,Dan,Miller,Rock
dominiquelefebvre@gmail.com,Dominique,Lefebvre,Rock
edfrancis@yachoo.ca,Edward,Francis,Rock
eduardo@woodstock.com.br,Eduardo,Martins,Rock
ellie.sullivan@shaw.ca,Ellie,Sullivan,Rock
emma_jones@hotmail.com,Emma,Jones,Rock
enrique_munoz@yahoo.es,Enrique,Muñoz,Rock
fernadaramos4@uol.com.br,Fernanda,Ramos,Rock
fharris@google.com,Frank,Harris,Rock
fralston@gmail.com,Frank,Ralston,Rock
frantisekw@jetbrains.com,František,Wichterlová,Rock
ftremblay@gmail.com,François,Tremblay,Rock
fzimmermann@yahoo.de,Fynn,Zimmermann,Rock
hannah.schneider@yahoo.de,Hannah,Schneider,Rock
hholy@gmail.com,Helena,Holý,Rock
hleacock@gmail.com,Heather,Leacock,Rock
hughoreilly@apple.ie,Hugh,O'Reilly,Rock
isabelle_mercier@apple.fr,Isabelle,Mercier,Rock
jacksmith@microsoft.com,Jack,Smith,Rock
jenniferp@rogers.ca,Jennifer,Peterson,Rock
jfernandes@yahoo.pt,João,Fernandes,Rock
joakim.johansson@yahoo.se,Joakim,Johansson,Rock
johavanderberg@yahoo.nl,Johannes,Van der Berg,Rock
johngordon22@yahoo.com,John,Gordon,Rock
jubarnett@gmail.com,Julia,Barnett,Rock
kachase@hotmail.com,Kathy,Chase,Rock
kara.nielsen@jubii.dk,Kara,Nielsen,Rock
ladislav_kovacs@apple.hu,Ladislav,Kovács,Rock
leonekohler@surfeu.de,Leonie,Köhler,Rock
lucas.mancini@yahoo.it,Lucas,Mancini,Rock
luisg@embraer.com.br,Luís,Gonçalves,Rock
luisrojas@yahoo.cl,Luis,Rojas,Rock
manoj.pareek@rediff.com,Manoj,Pareek,Rock
marc.dubois@hotmail.com,Marc,Dubois,Rock
mark.taylor@yahoo.au,Mark,Taylor,Rock
marthasilk@gmail.com,Martha,Silk,Rock
masampaio@sapo.pt,Madalena,Sampaio,Rock
michelleb@aol.com,Michelle,Brooks,Rock
mphilips12@shaw.ca,Mark,Philips,Rock
nschroder@surfeu.de,Niklas,Schröder,Rock
patrick.gray@aol.com,Patrick,Gray,Rock
phil.hughes@gmail.com,Phil,Hughes,Rock
puja_srivastava@yahoo.in,Puja,Srivastava,Rock
ricunningham@hotmail.com,Richard,Cunningham,Rock
robbrown@shaw.ca,Robert,Brown,Rock
roberto.almeida@riotur.gov.br,Roberto,Almeida,Rock
stanisław.wójcik@wp.pl,Stanisław,Wójcik,Rock
steve.murray@yahoo.uk,Steve,Murray,Rock
terhi.hamalainen@apple.fi,Terhi,Hämäläinen,Rock
tgoyer@apple.com,Tim,Goyer,Rock
vstevens@yahoo.com,Victor,Stevens,Rock
wyatt.girard@yahoo.fr,Wyatt,Girard,Rock
